Iteration,neurons,layers,L2 reg lambda,learning rate,batch size,epsilon1,max epochs,SumFPFN_all,FP_all,FN_all,AUC_all,accuracy_all,precision_all,recall_all,F1_all,SumFPFN_test,FP_test,FN_test,AUC_test,accuracy_test,precision_test,recall_test,F1_test,SumFPFN_val,FP_val,FN_val,AUC_val,accuracy_val,precision_val,recall_val,F1_val11,150,1,0.0001,0.002,1024,0.0001,100,2100,579,1521,95,928,0.8908582369253534,0.8223513886124105,0.8514874349721975,347,110,237,93,921,0.8708619147032508,0.8126661127120791,0.837846309449698,362,110,252,93,918,0.8665486249230732,0.8020316702928765,0.8293807294212482
2,200,1,0.0001,0.002,1024,0.0001,100,1970,460,1510,96,933,0.9056064327668154,0.8259580444079068,0.8591290724668161,345,91,254,94,921,0.8803344332436038,0.8028575806328047,0.8347774477605967,378,103,275,94,914,0.8647647853086693,0.7862602045934779,0.8181220700432025
3,150,2,0.0001,0.002,1024,0.0001,100,1786,476,1310,97,939,0.9108884209642174,0.8474542408808564,0.8750630171230324,348,105,243,93,921,0.8727556596409056,0.8089740643176635,0.8361708367419389,377,115,262,93,914,0.8597423129136914,0.794090192304075,0.821705888268583
4,200,2,0.0001,0.002,1024,0.0001,100,1729,325,1404,97,941,0.926418290402677,0.8402526625783695,0.8759903729566099,356,89,267,94,919,0.8781930403395588,0.7936660596738739,0.8277124768380986,356,84,272,94,919,0.8811013600205286,0.791001774439296,0.8267657732553867
1,150,1,0.0001,0.002,1024,0.0001,100,1994,524,1470,96,932,0.8993299614328303,0.829027709199989,0.858926361005206,361,114,247,94,918,0.8649336955356186,0.8048482812674953,0.8306233089833704,369,104,265,94,916,0.8670905471465906,0.7933928392282756,0.8238045672007936
2,200,1,0.0001,0.002,1024,0.0001,100,1968,406,1562,96,933,0.9105867736391029,0.8213769608447586,0.8577084548985336,357,97,260,94,919,0.8738336477813653,0.7976810518065403,0.8290305763783568,376,90,286,94,914,0.8719168670559945,0.7800185124806411,0.8159866080770035
3,150,2,0.0001,0.002,1024,0.0001,100,1874,433,1441,97,936,0.9114404039920906,0.8340318927637973,0.8665727817027999,349,100,249,94,921,0.8747590973892813,0.8052820159232479,0.8344659562462371,388,110,278,94,912,0.8583783059859924,0.7831363214556673,0.8138305487801685
4,200,2,0.0001,0.002,1024,0.0001,100,1765,289,1476,97,940,0.9289678292627945,0.8331255833769864,0.8719685114969206,339,75,264,94,923,0.8908004900959772,0.7977388045188551,0.834656458794545,369,87,282,94,916,0.8756479026036643,0.783329910901829,0.8195415992053345
1,150,1,0.0001,0.002,1024,0.0001,100,1940,419,1521,96,934,0.9103690759406313,0.8255871109874309,0.8605233797277565,352,94,258,94,920,0.8767918943882516,0.7995415141818267,0.8313080634707253,377,99,278,94,914,0.8669994623525512,0.7846192009380075,0.8177105481443065
2,200,1,0.0001,0.002,1024,0.0001,100,2069,274,1795,96,929,0.921061011403497,0.7986264012564741,0.8443861483097209,355,65,290,94,919,0.8927580053534252,0.7801654792001839,0.8222696425182229,369,57,312,94,916,0.8948259508789265,0.7655718020904525,0.8113694543688243
3,150,2,0.0001,0.002,1024,0.0001,100,1856,228,1628,97,937,0.9330256439563015,0.8177761783125196,0.8622542923624902,351,66,285,94,920,0.8931721947776994,0.7836695366228807,0.8250476224522627,355,65,290,94,919,0.8929474559167956,0.7804817163781375,0.822562407831769
4,200,2,0.0001,0.002,1024,0.0001,100,2301,391,1910,95,921,0.8998038604152454,0.7837139122612309,0.8269754128170211,355,77,278,93,919,0.8851956154823538,0.7872796704559517,0.8253570935323453,375,76,299,93,915,0.8802582067185158,0.7724581392213785,0.8128420729317453
1,150,1,0.0001,0.002,1024,0.0001,100,2130,532,1598,95,927,0.8933863581564666,0.8149012711065489,0.8474352544729074,357,105,252,93,919,0.870067497403946,0.8024238459770521,0.8309027430646888,369,98,271,93,916,0.8699496806270415,0.7898412174660003,0.8223283183163156
2,200,1,0.0001,0.002,1024,0.0001,100,1990,362,1628,96,932,0.9141128814762942,0.8150662608234401,0.8544308040672861,357,85,272,94,919,0.8800565262076053,0.7905668605507723,0.8261247761193369,357,75,282,94,919,0.8860312933346641,0.7849475976098366,0.8238955531559832
3,150,2,0.0001,0.002,1024,0.0001,100,1864,468,1396,97,936,0.9087677582066012,0.8382335264541132,0.8683648706808558,356,106,250,94,919,0.8699181390301565,0.8037444972862118,0.8317208779712897,385,116,269,94,912,0.8567622702875368,0.788868175776082,0.8171741960247028
4,200,2,0.0001,0.002,1024,0.0001,100,1890,277,1613,97,936,0.9263974290217949,0.8184217209884534,0.8607021217652042,352,73,279,94,920,0.8884477971667949,0.7870916794842329,0.8262058247956717,376,73,303,93,914,0.8818441383943567,0.7699555841541944,0.8113695444222948
1,150,1,0.0001,0.002,1024,0.0001,100,2032,348,1684,96,931,0.9141020189602965,0.809239851292328,0.8502363552523255,351,78,273,93,920,0.8857317073170732,0.7907837278786486,0.8280681150910159,363,71,292,94,917,0.8868327421525519,0.7782193846520407,0.819097488452116
2,200,1,0.0001,0.002,1024,0.0001,100,2005,467,1538,96,932,0.9037016883602577,0.8227617139345365,0.856314103215785,352,98,254,94,920,0.8748282477096037,0.8019129112670826,0.8322388596117711,353,92,261,93,920,0.8777166487304006,0.7979175026804692,0.8305061998847066
3,150,2,0.0001,0.002,1024,0.0001,100,1850,356,1494,97,937,0.9194468373444448,0.829806845448506,0.8664925843405276,358,91,267,94,918,0.8765605531691097,0.7933961541408106,0.826988209103229,362,84,278,94,918,0.8793661265444104,0.7866413093230169,0.823091467475435
4,200,2,0.0001,0.002,1024,0.0001,100,2035,376,1659,96,931,0.9111350440615639,0.811401070965506,0.8508680048096424,359,91,268,93,918,0.8762660241840168,0.7926683521029649,0.8263828808874698,372,78,294,94,915,0.8799206520565692,0.7758222457002766,0.8152904881067455
1,150,1,0.0001,0.002,1024,0.0001,100,2053,426,1627,96,930,0.905640537259198,0.8138810707169843,0.8508567308575741,363,95,268,93,917,0.8730336548784623,0.7921285410368379,0.8249408186922345,368,91,277,94,916,0.8738041415851358,0.7864244029293923,0.8211803606239971
2,200,1,0.0001,0.002,1024,0.0001,100,2032,337,1695,96,931,0.9152582641864745,0.8082622199265358,0.8498794111060847,359,81,278,93,918,0.8817241812152847,0.7867398593898249,0.823896940605727,362,70,292,94,918,0.8877520271900585,0.7783541918777079,0.8194631466240802
3,150,2,0.0001,0.002,1024,0.0001,100,2164,399,1765,96,926,0.9041604805726764,0.7993714584575573,0.8399887069281331,355,81,274,93,919,0.8828699654966836,0.7896510675412077,0.826357593369434,375,75,300,93,915,0.8808773488258205,0.7718662022609993,0.812565923765953
4,200,2,0.0001,0.002,1024,0.0001,100,1829,404,1425,97,938,0.9156150096032123,0.8363639489411058,0.8696024950786667,347,106,241,94,921,0.8726052989130435,0.8102947156268232,0.8369723547335839,366,99,267,94,917,0.8703738517092915,0.7926133869845191,0.8243865485916022
1,150,1,0.0001,0.002,1024,0.0001,100,1994,428,1566,96,932,0.9076049062013753,0.8204956536439844,0.8561006557702767,376,107,269,93,914,0.8633137537404412,0.7897813058006118,0.8200561736046823,354,84,270,94,919,0.8816748410721684,0.792455262811389,0.8279832816872146
2,200,1,0.0001,0.002,1024,0.0001,100,1970,595,1375,96,933,0.8948157292037489,0.8379562475335383,0.8629317566843916,388,140,248,94,912,0.8465815746240364,0.8006117072998249,0.8209567180945825,368,117,251,94,916,0.861747553571546,0.801814763899252,0.8274874450721909
3,150,2,0.0001,0.002,1024,0.0001,100,1956,235,1721,97,933,0.929229077578984,0.8074884230082524,0.8534549306455412,395,79,316,93,910,0.8721410451547438,0.7593532874847515,0.8004701517797346,409,66,343,93,907,0.8766824396336081,0.7418294672920049,0.787346048537243
4,200,2,0.0001,0.002,1024,0.0001,100,1541,621,920,97,947,0.9091379208439161,0.8870704164638751,0.8976163993392899,381,153,228,94,913,0.8448412698412698,0.8134133620918268,0.8278978279885405,404,172,232,94,908,0.832279930306405,0.8082085060224344,0.8194919890645793
1,150,1,0.0001,0.002,1024,0.0001,100,1935,459,1476,96,934,0.9069719612753151,0.8296876283535275,0.8621020727628199,370,113,257,93,916,0.8625631397406803,0.7977052136555699,0.8251031596892617,390,111,279,93,911,0.8572878018293288,0.7822747700439534,0.8128709124336745
2,200,1,0.0001,0.002,1024,0.0001,100,2022,1064,958,96,931,0.8670856652542727,0.8739657540830521,0.8704723925268963,435,233,202,93,901,0.8102532589922713,0.8215399937532781,0.8157201908464871,419,214,205,93,905,0.818782232734887,0.8221686955676638,0.8204600415242853
3,150,2,0.0001,0.002,1024,0.0001,100,1637,1026,611,98,944,0.8847915816950006,0.912591536859753,0.8978776646064988,449,263,186,93,898,0.802245623048194,0.829136243362858,0.8146640898939426,421,240,181,93,904,0.8145629091709303,0.8361055681654304,0.8247056745798953
4,200,2,0.0001,0.002,1024,0.0001,100,1495,768,727,97,949,0.9022282823012406,0.905153673337411,0.903682338550194,399,210,189,93,909,0.8260434494561917,0.8341053338755017,0.8299896533207601,407,187,220,93,907,0.8278558635011688,0.8149073278699831,0.8211617964096629
1,150,1,0.0001,0.002,1024,0.0001,100,1974,616,1358,96,933,0.8931495471661548,0.8393862393122054,0.8631694858682306,382,144,238,93,913,0.8472594412215516,0.8073499166121552,0.825328158315565,375,129,246,94,915,0.8548918222906594,0.803830798121477,0.8261884043381351
2,200,1,0.0001,0.002,1024,0.0001,100,2331,1354,977,96,920,0.8434439909136318,0.8660281292508349,0.8541172956435314,430,247,183,93,902,0.8104221378727475,0.8334788937409026,0.8212191585630131,427,237,190,93,903,0.8128334020664519,0.8299692921680137,0.8210000006673701
3,150,2,0.0001,0.002,1024,0.0001,100,1856,295,1561,97,937,0.9255013262562547,0.8237308420859812,0.8642329509290871,381,85,296,93,913,0.8729206187071356,0.7730996116424753,0.8112027645022584,378,82,296,94,914,0.8757758797785644,0.7738295284255143,0.8125852466469652
4,200,2,0.0001,0.002,1024,0.0001,100,1540,681,859,97,947,0.9054538649622297,0.8925120500299303,0.8988141579387652,409,191,218,94,907,0.8260961707103186,0.8155631773420787,0.820683496380734,391,178,213,93,911,0.8352604596144029,0.8212078022033144,0.8279822257761864
1,150,1,0.0001,0.002,1024,0.0001,100,1897,553,1344,96,935,0.9007458847736625,0.8421876888071012,0.8678665138845274,390,141,249,93,911,0.8455868864220983,0.7997489524954475,0.8200338145796061,379,126,253,93,914,0.8547234753224449,0.7991480104961532,0.8231626520567017
2,200,1,0.0001,0.002,1024,0.0001,100,1824,789,1035,97,938,0.8883136360358277,0.8711265409615941,0.8794055313586414,398,180,218,93,909,0.8322040896473624,0.8170476577739276,0.8243293220219068,411,187,224,93,907,0.8264762495253514,0.812000351125797,0.8189618667944936
3,150,2,0.0001,0.002,1024,0.0001,100,2018,152,1866,97,931,0.93821982105829,0.7933476216752167,0.8448784389279458,402,67,335,93,908,0.8778881555511637,0.7471444819640637,0.792085322098742,403,54,349,93,908,0.8877162913422456,0.7390866888837335,0.7874737953978728
4,200,2,0.0001,0.002,1024,0.0001,100,1564,504,1060,97,947,0.9164572089346279,0.8741627003532924,0.8935366285679723,383,151,232,93,913,0.8447733442123928,0.8107720594735074,0.826330808106619,389,138,251,93,912,0.84716378859236,0.7989838121602388,0.8201750000762223
1,150,1,0.0001,0.002,1024,0.0001,100,1893,395,1498,97,935,0.914246468210894,0.8285817427453859,0.8638882658336435,366,105,261,93,917,0.867330409703291,0.7958736276364408,0.8255665415281483,391,105,286,93,911,0.8596887786921403,0.7779964040956316,0.810674604288937
2,200,1,0.0001,0.002,1024,0.0001,100,1848,649,1199,96,937,0.8958187763721318,0.8560655876971665,0.8742769209375618,379,146,233,93,914,0.8476107594936709,0.8107190212683203,0.8274815753807351,405,165,240,93,908,0.8337035133764903,0.8033382031137335,0.8173252760737078
3,150,2,0.0001,0.002,1024,0.0001,100,1629,685,944,97,944,0.9018980871840215,0.8831577552686127,0.892169046957373,398,183,215,93,909,0.8315389533589217,0.8188262055878696,0.8249737362878992,412,174,238,92,906,0.8290370343941773,0.8035784264548208,0.8154550596227694
4,200,2,0.0001,0.002,1024,0.0001,100,1576,347,1229,97,946,0.9291224965153251,0.8589000483734495,0.8892202050724034,395,117,278,93,910,0.8528287950525101,0.7818815597946832,0.8110941618574717,403,114,289,92,908,0.8516849753976428,0.7746029065064864,0.8056855469557449
1,150,1,0.0001,0.002,1024,0.0001,100,1885,649,1236,97,936,0.8943775320893965,0.8520289304857329,0.8713018965754162,401,158,243,93,909,0.8367127166261976,0.8018215676914826,0.8177018969460375,390,150,240,94,911,0.8429946799941193,0.8053603114987429,0.822394733331621
2,200,1,0.0001,0.002,1024,0.0001,100,1807,443,1364,97,938,0.9129200488670297,0.8422302710688824,0.8724808150536729,380,121,259,94,913,0.8561020036429873,0.7951699874476248,0.8211060860975196,385,108,277,93,912,0.8602394715111479,0.7841326800930484,0.8151413228204307
3,150,2,0.0001,0.002,1024,0.0001,100,1673,839,834,97,943,0.8916962094218,0.8920442452734043,0.8918701008991556,454,232,222,92,897,0.8035318579724045,0.8071189057628957,0.8053069832838619,452,217,235,92,897,0.8065330044171416,0.7999619483092666,0.8031861081028409
4,200,2,0.0001,0.002,1024,0.0001,100,1894,235,1659,97,935,0.9310814174729835,0.8142525513084924,0.8590648376732416,372,72,300,93,915,0.8834298021268003,0.7719427894560048,0.8133444104909456,379,70,309,93,914,0.8829152591710048,0.7659995407149172,0.8085847372774367
1,150,1,0.0001,0.002,1024,0.0001,100,1872,517,1355,96,936,0.9044704469428451,0.8417156390624059,0.8689945385593254,394,137,257,93,910,0.8455939412802158,0.7944663472588087,0.8167406927314664,391,126,265,93,911,0.8508124297058723,0.7904270802635951,0.8160862917440495
2,200,1,0.0001,0.002,1024,0.0001,100,1740,424,1316,97,941,0.9168759204784466,0.8478512575914244,0.8775688624100136,364,115,249,94,917,0.8635913794232317,0.8032577244252721,0.8291006738959394,390,117,273,93,911,0.8547206470250659,0.7858263918062287,0.8144179613604783
3,150,2,0.0001,0.002,1024,0.0001,100,1781,280,1501,97,939,0.9294315447185043,0.8305801216717749,0.8703420803593793,384,93,291,93,913,0.867628959318693,0.7756589996994502,0.8114981008176141,391,90,301,93,911,0.8672675202156335,0.7691173496899434,0.8065629400351155
4,200,2,0.0001,0.002,1024,0.0001,100,1578,279,1299,97,946,0.9356184207221274,0.8526383113341749,0.8875089778382905,371,96,275,93,916,0.8701101632378342,0.7868989740053863,0.8203266013184685,394,102,292,93,910,0.8601448625999253,0.7740403606563544,0.8080016508760637
1,150,1,0.0001,0.002,1024,0.0001,100,1944,566,1378,96,934,0.897972076920623,0.8382154256833539,0.8643091166537309,386,140,246,93,912,0.8472430788491147,0.8020673113755163,0.8221132456857547,409,139,270,93,907,0.8400681665170557,0.7850408653996878,0.8086532911351327
2,200,1,0.0001,0.002,1024,0.0001,100,1913,871,1042,97,935,0.8803640339289021,0.8687045413395305,0.8743862562912831,416,196,220,93,905,0.8226885035838706,0.8134328094337288,0.8179463725226437,417,195,222,93,905,0.8227852970808618,0.8123753816925517,0.8174356947239978
3,150,2,0.0001,0.002,1024,0.0001,100,1658,445,1213,97,943,0.9178858106539322,0.8586637499155856,0.8847773379894308,412,146,266,93,906,0.8364809627554726,0.786701554019412,0.8083684401151375,420,131,289,92,904,0.8390476260179263,0.7723111836701424,0.7998670939081673
4,200,2,0.0001,0.002,1024,0.0001,100,1830,178,1652,97,938,0.9398443076110569,0.8161689693094591,0.8630765838622233,378,72,306,93,914,0.8816874555514644,0.7675759772289306,0.8094852515905147,376,65,311,93,914,0.8871532683870008,0.7652200884711606,0.8090980471853233
1,150,1,0.0001,0.002,1024,0.0001,100,2175,205,1970,96,926,0.926441438886439,0.7809295089090564,0.831825554527899,383,64,319,93,913,0.8856481481481482,0.7591941728691901,0.8038813659805985,402,49,353,93,909,0.8922158583561758,0.7368537482678839,0.786470473970474
2,200,1,0.0001,0.002,1024,0.0001,100,1853,775,1078,97,937,0.887925876501976,0.8667184163966613,0.8768415484924469,415,194,221,93,906,0.8234215141771413,0.8129749129289465,0.8180529364254392,392,166,226,93,911,0.8378529674701258,0.8133778144927173,0.8248536131517701
3,150,2,0.0001,0.002,1024,0.0001,100,1868,389,1479,96,936,0.9156699601596134,0.830775960361942,0.8658675445666736,425,125,300,92,903,0.839269893685567,0.764790292829824,0.7947531534463734,415,100,315,92,906,0.854154140077972,0.7575948588286192,0.7940901699215508
4,200,2,0.0001,0.002,1024,0.0001,100,2569,2089,480,97,912,0.8209317312158453,0.9053861548360582,0.8539383854652853,558,415,143,93,873,0.7628015151961562,0.8399189104774027,0.791411598526123,566,409,157,93,871,0.7597392586118821,0.8307650074927737,0.7866750303953765
1,150,1,0.0001,0.002,1024,0.0001,100,1909,635,1274,96,935,0.8943826461283182,0.8481663001385613,0.8690046107623094,406,162,244,93,908,0.8339002284893732,0.8005539545875101,0.8157836883594307,407,145,262,93,907,0.8387903577970985,0.7900459755340561,0.8113564815083225
2,200,1,0.0001,0.002,1024,0.0001,100,1996,993,1003,96,932,0.8711522128356273,0.8704921579271157,0.8708216993573376,452,223,229,92,897,0.8054159737036101,0.8032388663967611,0.8043206722307387,423,205,218,93,904,0.8188628176806576,0.8139342861800648,0.8163657371959963
3,150,2,0.0001,0.002,1024,0.0001,100,2150,97,2053,97,927,0.9430633631604449,0.7740584174973577,0.829988756224522,404,46,358,93,908,0.8941060492905153,0.7332390431907785,0.7836338175321227,398,32,366,92,909,0.9095388416332337,0.7296977966856233,0.7833503186101191
4,200,2,0.0001,0.002,1024,0.0001,100,1356,358,998,98,954,0.9349295410234543,0.8838794253207385,0.9069423599124232,392,131,261,93,911,0.8483770618816111,0.7923648557066163,0.8164490349433248,376,112,264,93,914,0.8613343538716673,0.7930411256089838,0.8215703542535464
1,150,1,0.0001,0.002,1024,0.0001,100,1980,941,1039,96,932,0.8741657457283147,0.8676162093311159,0.8708434472972242,436,222,214,93,901,0.8113453840660229,0.8142908497309784,0.8128060980898111,394,179,215,93,910,0.8340251214298,0.819619506605554,0.8265563115466403
2,200,1,0.0001,0.002,1024,0.0001,100,1976,901,1075,96,933,0.8762345561544538,0.8644975815569896,0.870214031602043,433,216,217,93,901,0.813288749313618,0.8129171602166316,0.8131027646056339,422,191,231,93,904,0.8218152412659837,0.8063739129208023,0.8137741010336528
3,150,2,0.0001,0.002,1024,0.0001,100,1616,766,850,97,945,0.8977384006435484,0.8917749621101712,0.8947201254079519,440,224,216,93,900,0.8096360455590086,0.8125653401222237,0.8110887228429287,423,193,230,92,904,0.8210671003499483,0.8068310426555142,0.8136760818833839
4,200,2,0.0001,0.002,1024,0.0001,100,1840,201,1639,97,937,0.936720457309592,0.8171221191842294,0.8628727519778103,398,82,316,93,909,0.8693805702526443,0.7589484291851564,0.7994051061720235,397,59,338,92,910,0.8854957292415142,0.7464068388019086,0.7932626913444238
1,150,1,0.0001,0.002,1024,0.0001,100,2110,1060,1050,96,928,0.8633639905178865,0.8640095535356198,0.8636862951607454,454,234,220,92,897,0.8032933561259199,0.8083046043055236,0.8057630653223256,446,213,233,93,899,0.809327242538254,0.8019546655840288,0.8055645449779137
2,200,1,0.0001,0.002,1024,0.0001,100,1988,1054,934,97,932,0.8689632120654229,0.8767863589767451,0.8728063126638694,447,246,201,93,898,0.8045081967213115,0.8205134098262115,0.8121484824085118,418,199,219,93,905,0.8216834633227511,0.814016385348022,0.8177712551586727
3,150,2,0.0001,0.002,1024,0.0001,100,1496,705,791,97,949,0.9056732568454209,0.8994454130352307,0.9025204064880279,423,208,215,93,904,0.8180986942190669,0.8154523864245767,0.816766066290898,430,199,231,93,902,0.8174490728969037,0.8052954551154639,0.8111707015020774
4,200,2,0.0001,0.002,1024,0.0001,100,2194,1715,479,97,925,0.8424412141085789,0.9130587547312202,0.8717858403472212,543,371,172,93,876,0.7661026759672873,0.8247505731072727,0.7897490615938442,514,361,153,92,883,0.7766982073999266,0.84014273106899,0.8021075876658401
1,150,1,0.0001,0.002,1024,0.0001,100,1975,879,1096,96,933,0.8773639228799849,0.8626514176689575,0.8697692575792506,421,201,220,93,904,0.8200127671617023,0.8127580456010701,0.8163145427389124,405,175,230,93,908,0.8312167486775018,0.8092575727175255,0.819609488936857
2,200,1,0.0001,0.002,1024,0.0001,100,1897,983,914,97,935,0.875810723670226,0.8804041876517054,0.8780843369725078,430,233,197,93,902,0.8120192845970897,0.8251790039425067,0.8183612347004138,409,207,202,93,907,0.8233815320748366,0.8252925787054745,0.8243322272857057
3,150,2,0.0001,0.002,1024,0.0001,100,1505,940,565,98,949,0.8936015919903211,0.9193492844397302,0.905795562718868,457,265,192,93,896,0.799226176675168,0.8244995256027203,0.8109435575609192,446,256,190,93,899,0.8041613180613815,0.827407954880335,0.8150217929698053
4,200,2,0.0001,0.002,1024,0.0001,100,1677,252,1425,97,943,0.9355370140474157,0.8394378851973749,0.878531437000224,375,88,287,93,915,0.873078893442623,0.7792449716834915,0.8157836604468952,376,76,300,93,914,0.879964622951682,0.7717313950353321,0.8122046657361366
